name,                 sys_number,          arg_len
read,                    0,                   3
write,                   1,                   3
open,                    2,                   3
close,                   3,                   1
stat,                    4,                   2
fstat,                   5,                   2
lstat,                   6,                   2
poll,                    7,                   3
lseek,                   8,                   3
mmap,                    9,                   6
mprotect,                10,                  3
munmap,                  11,                  2
brk,                     12,                  1
rt_sigaction,            13,                  4
rt_sigprocmask,          14,                  4
ioctl,                   16,                  3
pread64,                 17,                  4
pwrite64,                18,                  4
readv,                   19,                  3
writev,                  20,                  3
access,                  21,                  2
pipe,                    22,                  1
select,                  23,                  5
mremap,                  25,                  1
msync,                   26,                  3
mincore,                 27,                  3
madvise,                 28,                  3
shmget,                  29,                  3
shmat,                   30,                  3
shmctl,                  31,                  3
dup,                     32,                  1
dup2,                    33,                  2
nanosleep,               35,                  2
getitimer,               36,                  2
alarm,                   37,                  1
setitimer,               38,                  3
sendfile,                40,                  4
socket,                  41,                  3
connect,                 42,                  3
accept,                  43,                  3
sendto,                  44,                  6
recvfrom,                45,                  6
sendmsg,                 46,                  3
recvmsg,                 47,                  3
shutdown,                48,                  2
bind,                    49,                  3
listen,                  50,                  2
getsockname,             51,                  3
getpeername,             52,                  3
socketpair,              53,                  4
setsockopt,              54,                  5
getsockopt,              55,                  5
clone,                   56,                  5
execve,                  59,                  3
exit,                    60,                  1
wait4,                   61,                  4
kill,                    62,                  2
uname,                   63,                  1
semget,                  64,                  3
semop,                   65,                  3
semctl,                  66,                  4
shmdt,                   67,                  1
msgget,                  68,                  2
msgsnd,                  69,                  4
msgrcv,                  70,                  5
msgctl,                  71,                  3
fcntl,                   72,                  3
flock,                   73,                  2
fsync,                   74,                  1
fdatasync,               75,                  1
truncate,                76,                  2
ftruncate,               77,                  2
getdents,                78,                  3
getcwd,                  79,                  2
chdir,                   80,                  1
fchdir,                  81,                  1
rename,                  82,                  2
mkdir,                   83,                  2
rmdir,                   84,                  1
creat,                   85,                  2
link,                    86,                  2
unlink,                  87,                  1
symlink,                 88,                  2
readlink,                89,                  3
chmod,                   90,                  2
fchmod,                  91,                  2
chown,                   92,                  3
fchown,                  93,                  3
lchown,                  94,                  3
umask,                   95,                  1
gettimeofday,            96,                  2
getrlimit,               97,                  2
getrusage,               98,                  2
sysinfo,                 99,                  1
times,                   100,                 1
ptrace,                  101,                 4
syslog,                  103,                 3
setuid,                  105,                 1
setgid,                  106,                 1
setpgid,                 109,                 2
setreuid,                113,                 2
setregid,                114,                 2
getgroups,               115,                 2
setgroups,               116,                 2
setresuid,               117,                 3
getresuid,               118,                 3
setresgid,               119,                 3
getresgid,               120,                 3
getpgid,                 121,                 1
setfsuid,                122,                 1
setfsgid,                123,                 1
getsid,                  124,                 1
capget,                  125,                 2
capset,                  126,                 2
rt_sigpending,           127,                 2
rt_sigtimedwait,         128,                 4
rt_sigqueueinfo,         129,                 3
rt_sigsuspend,           130,                 2
sigaltstack,             131,                 2
utime,                   132,                 2
mknod,                   133,                 3
uselib,                  134,                 1
personality,             135,                 1
ustat,                   136,                 2
statfs,                  137,                 2
fstatfs,                 138,                 2
sysfs,                   139,                 3
getpriority,             140,                 2
setpriority,             141,                 3
sched_setparam,          142,                 2
sched_getparam,          143,                 2
sched_setscheduler,      144,                 3
sched_getscheduler,      145,                 1
sched_get_priority_max,  146,                 1
sched_get_priority_min,  147,                 1
sched_rr_get_interval,   148,                 2
mlock,                   149,                 2
munlock,                 150,                 2
mlockall,                151,                 1
modify_ldt,              154,                 3
pivot_root,              155,                 2
_sysctl,                 156,                 1
prctl,                   157,                 5
arch_prctl,              158,                 3
adjtimex,                159,                 1
setrlimit,               160,                 2
chroot,                  161,                 1
acct,                    163,                 1
settimeofday,            164,                 2
mount,                   165,                 5
umount2,                 166,                 2
swapon,                  167,                 2
swapoff,                 168,                 1
reboot,                  169,                 4
sethostname,             170,                 2
setdomainname,           171,                 2
iopl,                    172,                 1
ioperm,                  173,                 3
init_module,             175,                 3
delete_module,           176,                 2
quotactl,                179,                 4
readahead,               187,                 3
setxattr,                188,                 5
lsetxattr,               189,                 5
fsetxattr,               190,                 5
getxattr,                191,                 4
lgetxattr,               192,                 4
fgetxattr,               193,                 4
listxattr,               194,                 3
llistxattr,              195,                 3
flistxattr,              196,                 3
removexattr,             197,                 2
lremovexattr,            198,                 2
fremovexattr,            199,                 2
tkill,                   200,                 2
time,                    201,                 1
futex,                   202,                 6
sched_setaffinity,       203,                 3
sched_getaffinity,       204,                 3
set_thread_area,         205,                 1
io_setup,                206,                 2
io_destroy,              207,                 1
io_getevents,            208,                 5
io_submit,               209,                 3
io_cancel,               210,                 3
get_thread_area,         211,                 1
lookup_dcookie,          212,                 3
epoll_create,            213,                 1
remap_file_pages,        216,                 5
getdents64,              217,                 3
set_tid_address,         218,                 1
semtimedop,              220,                 4
fadvise64,               221,                 4
timer_create,            222,                 3
timer_settime,           223,                 4
timer_gettime,           224,                 2
timer_getoverrun,        225,                 1
timer_delete,            226,                 1
clock_settime,           227,                 2
clock_gettime,           228,                 2
clock_getres,            229,                 2
clock_nanosleep,         230,                 4
exit_group,              231,                 1
epoll_wait,              232,                 4
epoll_ctl,               233,                 4
tgkill,                  234,                 3
utimes,                  235,                 2
mbind,                   237,                 6
set_mempolicy,           238,                 3
get_mempolicy,           239,                 5
mq_open,                 240,                 4
mq_unlink,               241,                 1
mq_timedsend,            242,                 5
mq_timedreceive,         243,                 5
mq_notify,               244,                 2
mq_getsetattr,           245,                 3
kexec_load,              246,                 4
waitid,                  247,                 5
add_key,                 248,                 5
request_key,             249,                 4
keyctl,                  250,                 5
ioprio_set,              251,                 3
ioprio_get,              252,                 2
inotify_add_watch,       254,                 3
inotify_rm_watch,        255,                 2
migrate_pages,           256,                 4
openat,                  257,                 4
mkdirat,                 258,                 3
mknodat,                 259,                 4
fchownat,                260,                 5
futimesat,               261,                 3
newfstatat,              262,                 4
unlinkat,                263,                 3
renameat,                264,                 4
linkat,                  265,                 5
symlinkat,               266,                 3
readlinkat,              267,                 4
fchmodat,                268,                 3
faccessat,               269,                 3
pselect6,                270,                 6
ppoll,                   271,                 5
unshare,                 272,                 1
set_robust_list,         273,                 2
get_robust_list,         274,                 3
splice,                  275,                 6
tee,                     276,                 4
sync_file_range,         277,                 4
vmsplice,                278,                 4
move_pages,              279,                 6
utimensat,               280,                 4
epoll_pwait,             281,                 6
signalfd,                282,                 3
timerfd_create,          283,                 2
eventfd,                 284,                 1
fallocate,               285,                 4
timerfd_settime,         286,                 4
timerfd_gettime,         287,                 2
accept4,                 288,                 4
signalfd4,               289,                 4
eventfd2,                290,                 2
epoll_create1,           291,                 1
dup3,                    292,                 3
pipe2,                   293,                 2
inotify_init1,           294,                 1
preadv,                  295,                 5
pwritev,                 296,                 5
rt_tgsigqueueinfo,       297,                 4
perf_event_open,         298,                 5
recvmmsg,                299,                 5
fanotify_init,           300,                 2
fanotify_mark,           301,                 5
prlimit64,               302,                 4
name_to_handle_at,       303,                 5
open_by_handle_at,       304,                 3
clock_adjtime,           305,                 2
syncfs,                  306,                 1
sendmmsg,                307,                 4
setns,                   308,                 2
getcpu,                  309,                 3
process_vm_readv,        310,                 6
process_vm_writev,       311,                 6
kcmp,                    312,                 5
finit_module,            313,                 3